Season	Week	Winner	Loser
2026	1	Ben	Alex
2026	1	Steven	Haan
2026	1	Ankit	Aidan
2026	1	Joe	Stephanie
2026	1	Kaitlyn	Jake
2026	1	Ryan	Christian
2025	15	Jake	Aidan
2025	15	Ben	Alex
2025	15	Haan	Christian
2025	15	Joe	Ryan
2025	15	Steven	Ankit
2025	14	Aidan	Ben
2025	14	Jake	Joe
2025	14	Steven	Haan
2025	14	Alex	Ankit
2025	14	Christian	Ryan
2025	13	Aidan	Joe
2025	13	Haan	Ben
2025	13	Ryan	Jake
2025	13	Steven	Alex
2025	13	Christian	Ankit
2025	12	Aidan	Ryan
2025	12	Ben	Joe
2025	12	Ankit	Jake
2025	12	Haan	Alex
2025	12	Steven	Christian
2025	11	Aidan	Alex
2025	11	Christian	Ben
2025	11	Steven	Jake
2025	11	Haan	Joe
2025	11	Ankit	Ryan
2025	10	Haan	Aidan
2025	10	Ankit	Ben
2025	10	Jake	Christian
2025	10	Alex	Joe
2025	10	Ryan	Steven
2025	9	Aidan	Ryan
2025	9	Ben	Haan
2025	9	Jake	Alex
2025	9	Steven	Joe
2025	9	Ankit	Christian
2025	8	Aidan	Ankit
2025	8	Steven	Ben
2025	8	Joe	Jake
2025	8	Haan	Alex
2025	8	Christian	Ryan
2025	7	Steven	Aidan
2025	7	Joe	Ben
2025	7	Haan	Jake
2025	7	Christian	Alex
2025	7	Ryan	Ankit
2025	6	Joe	Aidan
2025	6	Christian	Ben
2025	6	Ankit	Jake
2025	6	Haan	Ryan
2025	6	Steven	Alex
2025	5	Aidan	Jake
2025	5	Ben	Ryan
2025	5	Haan	Christian
2025	5	Joe	Alex
2025	5	Ankit	Steven
2025	4	Aidan	Christian
2025	4	Jake	Ben
2025	4	Steven	Haan
2025	4	Joe	Ryan
2025	4	Alex	Ankit
2025	3	Ben	Aidan
2025	3	Steven	Jake
2025	3	Ankit	Haan
2025	3	Joe	Christian
2025	3	Alex	Ryan
2025	2	Aidan	Alex
2025	2	Ben	Ankit
2025	2	Jake	Christian
2025	2	Joe	Haan
2025	2	Steven	Ryan
2025	1	Aidan	Haan
2025	1	Alex	Ben
2025	1	Jake	Ryan
2025	1	Joe	Ankit
2025	1	Christian	Steven
2024	15	Aidan	Alex
2024	15	Ben	Ankit
2024	15	Joe	Jake
2024	15	Haan	Ryan
2024	15	Christian	Steven
2024	14	Aidan	Ryan
2024	14	Ben	Haan
2024	14	Ankit	Jake
2024	14	Joe	Steven
2024	14	Alex	Christian
2024	13	Aidan	Steven
2024	13	Ben	Jake
2024	13	Haan	Christian
2024	13	Joe	Ryan
2024	13	Alex	Ankit
2024	12	Haan	Aidan
2024	12	Ben	Alex
2024	12	Steven	Jake
2024	12	Joe	Ankit
2024	12	Christian	Ryan
2024	11	Aidan	Ankit
2024	11	Ben	Ryan
2024	11	Jake	Christian
2024	11	Haan	Joe
2024	11	Alex	Steven
2024	10	Aidan	Joe
2024	10	Ben	Christian
2024	10	Alex	Jake
2024	10	Haan	Ankit
2024	10	Ryan	Steven
2024	9	Aidan	Christian
2024	9	Ben	Steven
2024	9	Jake	Haan
2024	9	Alex	Joe
2024	9	Ryan	Ankit
2024	8	Aidan	Ben
2024	8	Ryan	Jake
2024	8	Alex	Haan
2024	8	Christian	Joe
2024	8	Ankit	Steven
2024	7	Aidan	Jake
2024	7	Ben	Joe
2024	7	Haan	Steven
2024	7	Alex	Ryan
2024	7	Ankit	Christian
2024	6	Aidan	Alex
2024	6	Ankit	Ben
2024	6	Joe	Jake
2024	6	Haan	Ryan
2024	6	Steven	Christian
2024	5	Aidan	Ryan
2024	5	Ben	Haan
2024	5	Jake	Ankit
2024	5	Joe	Steven
2024	5	Alex	Christian
2024	4	Steven	Aidan
2024	4	Ben	Jake
2024	4	Christian	Haan
2024	4	Joe	Ryan
2024	4	Ankit	Alex
2024	3	Haan	Aidan
2024	3	Ben	Alex
2024	3	Steven	Jake
2024	3	Joe	Ankit
2024	3	Christian	Ryan
2024	2	Ankit	Aidan
2024	2	Ryan	Ben
2024	2	Jake	Christian
2024	2	Haan	Joe
2024	2	Alex	Steven
2024	1	Joe	Aidan
2024	1	Christian	Ben
2024	1	Alex	Jake
2024	1	Haan	Ankit
2024	1	Steven	Ryan
2023	15	Ben	Aidan
2023	15	Steven	Jake
2023	15	Haan	Ryan
2023	15	Joe	Alex
2023	15	Ankit	Tommy
2023	14	Ben	Alex
2023	14	Jake	Ryan
2023	14	Joe	Haan
2023	14	Steven	Ankit
2023	14	Aidan	Tommy
2023	13	Aidan	Jake
2023	13	Ben	Ankit
2023	13	Ryan	Joe
2023	13	Alex	Steven
2023	13	Haan	Tommy
2023	12	Steven	Aidan
2023	12	Joe	Ben
2023	12	Jake	Ankit
2023	12	Alex	Haan
2023	12	Ryan	Tommy
2023	11	Joe	Aidan
2023	11	Jake	Alex
2023	11	Ankit	Haan
2023	11	Steven	Ryan
2023	11	Tommy	Ben
2023	10	Aidan	Ryan
2023	10	Steven	Ben
2023	10	Jake	Haan
2023	10	Alex	Ankit
2023	10	Joe	Tommy
2023	9	Ankit	Aidan
2023	9	Ben	Ryan
2023	9	Joe	Jake
2023	9	Steven	Haan
2023	9	Alex	Tommy
2023	8	Aidan	Alex
2023	8	Haan	Ben
2023	8	Steven	Joe
2023	8	Ryan	Ankit
2023	8	Jake	Tommy
2023	7	Haan	Aidan
2023	7	Jake	Ben
2023	7	Joe	Ankit
2023	7	Ryan	Alex
2023	7	Steven	Tommy
2023	6	Ben	Aidan
2023	6	Jake	Steven
2023	6	Ryan	Haan
2023	6	Joe	Alex
2023	6	Ankit	Tommy
2023	5	Alex	Ben
2023	5	Ryan	Jake
2023	5	Haan	Joe
2023	5	Ankit	Steven
2023	5	Aidan	Tommy
2023	4	Jake	Aidan
2023	4	Ankit	Ben
2023	4	Ryan	Joe
2023	4	Alex	Steven
2023	4	Haan	Tommy
2023	3	Steven	Aidan
2023	3	Joe	Ben
2023	3	Ankit	Jake
2023	3	Haan	Alex
2023	3	Ryan	Tommy
2023	2	Aidan	Joe
2023	2	Alex	Jake
2023	2	Ankit	Haan
2023	2	Ryan	Steven
2023	2	Ben	Tommy
2023	1	Ryan	Aidan
2023	1	Steven	Ben
2023	1	Jake	Haan
2023	1	Ankit	Alex
2023	1	Tommy	Joe
2022	15	Aidan	Haan
2022	15	Ben	Joe
2022	15	Jake	Tommy
2022	15	Alex	Ryan
2022	15	Steven	Ankit
2022	14	Aidan	Steven
2022	14	Ben	Alex
2022	14	Jake	Joe
2022	14	Tommy	Haan
2022	14	Ankit	Ryan
2022	13	Ben	Aidan
2022	13	Haan	Jake
2022	13	Ankit	Joe
2022	13	Alex	Steven
2022	13	Ryan	Tommy
2022	12	Aidan	Tommy
2022	12	Ben	Ankit
2022	12	Jake	Ryan
2022	12	Haan	Steven
2022	12	Alex	Joe
2022	11	Joe	Aidan
2022	11	Ben	Jake
2022	11	Haan	Ankit
2022	11	Tommy	Alex
2022	11	Steven	Ryan
2022	10	Aidan	Alex
2022	10	Ben	Steven
2022	10	Jake	Ankit
2022	10	Haan	Ryan
2022	10	Joe	Tommy
2022	9	Aidan	Ryan
2022	9	Ben	Tommy
2022	9	Steven	Jake
2022	9	Joe	Haan
2022	9	Alex	Ankit
2022	8	Aidan	Ankit
2022	8	Ben	Haan
2022	8	Alex	Jake
2022	8	Joe	Ryan
2022	8	Steven	Tommy
2022	7	Aidan	Jake
2022	7	Ben	Ryan
2022	7	Haan	Alex
2022	7	Steven	Joe
2022	7	Ankit	Tommy
2022	6	Aidan	Haan
2022	6	Ben	Joe
2022	6	Jake	Tommy
2022	6	Alex	Ryan
2022	6	Ankit	Steven
2022	5	Aidan	Steven
2022	5	Ben	Alex
2022	5	Jake	Joe
2022	5	Haan	Tommy
2022	5	Ankit	Ryan
2022	4	Ben	Aidan
2022	4	Jake	Haan
2022	4	Joe	Ankit
2022	4	Alex	Steven
2022	4	Ryan	Tommy
2022	3	Aidan	Tommy
2022	3	Ben	Ankit
2022	3	Ryan	Jake
2022	3	Haan	Steven
2022	3	Alex	Joe
2022	2	Aidan	Joe
2022	2	Ben	Jake
2022	2	Haan	Ankit
2022	2	Alex	Tommy
2022	2	Ryan	Steven
2022	1	Aidan	Alex
2022	1	Ben	Steven
2022	1	Jake	Ankit
2022	1	Haan	Ryan
2022	1	Joe	Tommy
2021	15	Joe	Aidan
2021	15	Ben	Steven
2021	15	Oleg	Jake
2021	15	Tommy	Haan
2021	15	Ryan	Ankit
2021	14	Aidan	Ankit
2021	14	Ben	Oleg
2021	14	Joe	Jake
2021	14	Ryan	Haan
2021	14	Steven	Tommy
2021	13	Aidan	Oleg
2021	13	Ben	Ankit
2021	13	Jake	Haan
2021	13	Joe	Steven
2021	13	Tommy	Ryan
2021	12	Ryan	Aidan
2021	12	Joe	Ben
2021	12	Tommy	Jake
2021	12	Ankit	Haan
2021	12	Steven	Oleg
2021	11	Jake	Aidan
2021	11	Ben	Tommy
2021	11	Oleg	Haan
2021	11	Ryan	Joe
2021	11	Ankit	Steven
2021	10	Aidan	Ben
2021	10	Ryan	Jake
2021	10	Haan	Steven
2021	10	Tommy	Joe
2021	10	Ankit	Oleg
2021	9	Aidan	Tommy
2021	9	Ben	Haan
2021	9	Ankit	Jake
2021	9	Oleg	Joe
2021	9	Ryan	Steven
2021	8	Aidan	Haan
2021	8	Ben	Ryan
2021	8	Jake	Steven
2021	8	Ankit	Joe
2021	8	Tommy	Oleg
2021	7	Aidan	Steven
2021	7	Ben	Jake
2021	7	Haan	Joe
2021	7	Oleg	Ryan
2021	7	Ankit	Tommy
2021	6	Joe	Aidan
2021	6	Steven	Ben
2021	6	Oleg	Jake
2021	6	Haan	Tommy
2021	6	Ryan	Ankit
2021	5	Aidan	Ankit
2021	5	Ben	Oleg
2021	5	Jake	Joe
2021	5	Ryan	Haan
2021	5	Tommy	Steven
2021	4	Aidan	Oleg
2021	4	Ankit	Ben
2021	4	Haan	Jake
2021	4	Joe	Steven
2021	4	Ryan	Tommy
2021	3	Ryan	Aidan
2021	3	Ben	Joe
2021	3	Jake	Tommy
2021	3	Ankit	Haan
2021	3	Steven	Oleg
2021	2	Aidan	Jake
2021	2	Ben	Tommy
2021	2	Haan	Oleg
2021	2	Ryan	Joe
2021	2	Ankit	Steven
2021	1	Ben	Aidan
2021	1	Jake	Ryan
2021	1	Steven	Haan
2021	1	Joe	Tommy
2021	1	Ankit	Oleg
